id,user_id,entry_date,work_description,created_at,updated_at
"2","5","2026-09-23","leave management bug fix","2026-09-23T13:38:33.240933+00:00","2026-09-23T13:38:33.240933+00:00"
"3","9","2026-09-23","Testing  Custom function of Ethera company
Create Poster to ZoHo One","2026-09-23T15:50:00.294453+00:00","2026-09-23T15:50:42.767+00:00"
"37","17","2026-09-25","Creating zoho campaign marketing automation workflow for emails.","2026-09-25T05:03:43.991259+00:00","2026-09-25T05:03:43.991259+00:00"
"4","16","2026-09-24","Check Helans Transaction issue , Template issue check , Bar code printing issue check
Development of HR Management System ","2026-09-24T03:44:04.27597+00:00","2026-09-24T03:44:46.101+00:00"
"6","13","2026-09-24","","2026-09-24T03:58:44.177984+00:00","2026-09-24T03:58:44.177984+00:00"
"7","7","2026-09-24","Oak Integrated Systems demo meeting for Campaigns and Marketing Automation. Learn about Marketing Automation (CRM Plus application).","2026-09-24T04:06:33.149659+00:00","2026-09-24T04:06:33.149659+00:00"
"8","8","2026-09-24","I've been assigned to assess the Helan POS system and identify potential security vulnerabilities","2026-09-24T04:09:01.544803+00:00","2026-09-24T04:09:01.544803+00:00"
"39","13","2026-09-25","Support","2026-09-25T05:48:25.832474+00:00","2026-09-25T05:48:25.832474+00:00"
"9","6","2026-09-24","Checking pending project progress","2026-09-24T05:30:17.429899+00:00","2026-09-24T05:30:17.429899+00:00"
"10","17","2026-09-24","Getting ready for the demonstration presentation at 2.30p.m. about marketing automation and Zoho people.
Client-Oakis","2026-09-24T05:37:13.303762+00:00","2026-09-24T05:37:13.303762+00:00"
"11","21","2026-09-24","create bill file in bio grow","2026-09-24T06:24:26.991925+00:00","2026-09-24T06:24:26.991925+00:00"
"12","23","2026-09-24","Design a flyer promotion Base & collect company emails for campaign","2026-09-24T07:34:15.387123+00:00","2026-09-24T07:34:15.387123+00:00"
"13","5","2026-09-24","Fixed bugs in leave management system and design new features of the system ","2026-09-24T08:08:45.42809+00:00","2026-09-24T08:08:45.42809+00:00"
"14","24","2026-09-24","created new article for pwholdings 
updated our website 
checked and creating the wichaly students next grade to update function 
checking the pos system bugs","2026-09-24T08:59:47.192565+00:00","2026-09-24T08:59:47.192565+00:00"
"15","26","2026-09-24","Create Whychaly company student grade increase function","2026-09-24T09:11:55.984175+00:00","2026-09-24T09:11:55.984175+00:00"
"16","19","2026-09-24","Discussing the Bio Grow project in detail with a contact person from the Bio Grow company to continue the project & updating the bank transactions for the Italy Lanka Express project.","2026-09-24T10:20:27.126351+00:00","2026-09-24T10:20:27.126351+00:00"
"17","10","2026-09-24","Working on developing the Wycherley GRN (Goods Received Note) in Zoho Creator. The development is currently ongoing.
","2026-09-24T10:28:13.557244+00:00","2026-09-24T10:28:13.557244+00:00"
"18","20","2026-09-24","Collect company email","2026-09-24T11:12:17.493663+00:00","2026-09-24T11:12:17.493663+00:00"
"19","14","2026-09-24","Error handling in the Mihraj (PVT) Ltd and Macksons Properties (Pvt) Ltd.
System development of WIS according to client request.
System Error Handling in the WIS.
Email template and Alert setup in the Inivos Technology.","2026-09-24T11:37:32.81813+00:00","2026-09-24T11:37:32.81813+00:00"
"5","9","2026-09-24","Xten Custom function Developing ongoing 
working on gt auto booking system
Create Poster for ZoHo Campaign
","2026-09-24T03:47:11.005316+00:00","2026-09-24T12:01:16.12+00:00"
"20","12","2026-09-24","• MEP Group - Data migration ( master files and transactionas)
• Recorrected prepaid expenses of Agoal International pvt Ltd ","2026-09-24T12:02:01.111446+00:00","2026-09-24T12:02:01.111446+00:00"
"21","11","2026-09-24","•  MEP Group data migration.(masterfiles and transactions)
• Recorrected prepaid expenses in agoal international (pvt) ltd. ","2026-09-24T12:02:28.649324+00:00","2026-09-24T12:02:35.216+00:00"
"22","18","2026-09-24","- Extracted and reviewed the transcript from the provided promotional video.
- Identified the important company and promotional details from the transcript.
- Organized and entered the relevant company details into an Excel sheet for promotional purposes.
- Worked on the initial design concept and layout for a promotional flyer.
- Used reference designs to develop a suitable flyer promotion base.
- Reviewed the content and design for clarity.","2026-09-24T13:03:20.32849+00:00","2026-09-24T13:03:20.32849+00:00"
"23","25","2026-09-24","whycherly/cleanamatic/Bio grow/Expo/MPV","2026-09-24T13:29:38.439648+00:00","2026-09-24T13:29:38.439648+00:00"
"24","22","2026-09-25","Fix the report issue of Dilshee Enterprises. ","2026-09-25T03:13:55.227273+00:00","2026-09-25T03:13:55.227273+00:00"
"26","24","2026-09-25","Today, I worked on company website promotion and collaborated with Dimantha on POS system bug checking.","2026-09-25T03:25:38.652013+00:00","2026-09-25T03:25:38.652013+00:00"
"27","21","2026-09-25","create bill file in bio grow ","2026-09-25T03:37:56.972167+00:00","2026-09-25T03:37:56.972167+00:00"
"28","7","2026-09-25","send campaigns and create user manual for pos system","2026-09-25T04:03:44.63914+00:00","2026-09-25T04:03:44.63914+00:00"
"29","8","2026-09-25","I'm checking and analyzing the pos code base tdy","2026-09-25T04:04:28.386483+00:00","2026-09-25T04:04:28.386483+00:00"
"30","20","2026-09-25","collect company emails","2026-09-25T04:08:52.470272+00:00","2026-09-25T04:08:52.470272+00:00"
"31","25","2026-09-25","Pending Projects","2026-09-25T04:15:18.725645+00:00","2026-09-25T04:15:25.187+00:00"
"32","11","2026-09-25","Enter the bills, bill payments, invoices, invoice   payments of MEP Group.","2026-09-25T04:19:38.915585+00:00","2026-09-25T04:19:38.915585+00:00"
"33","12","2026-09-25","Entered bill payments, invoices and invoice payments of MEP Group","2026-09-25T04:19:41.286783+00:00","2026-09-25T04:19:41.286783+00:00"
"34","26","2026-09-25","Working on Whychaly company student grade increase function","2026-09-25T04:30:21.669664+00:00","2026-09-25T04:30:29.634+00:00"
"35","14","2026-09-25","Development in the daily collection report of WIS (Error handling)
Search enhance extension development","2026-09-25T04:51:57.268275+00:00","2026-09-25T04:51:57.268275+00:00"
"36","16","2026-09-25","Helans Bar code printing issue fix
HR Management System Development","2026-09-25T04:52:54.141577+00:00","2026-09-25T04:52:54.141577+00:00"
"41","6","2026-09-25","pending support ,international school grade progress check, techzol user permission check ","2026-09-25T06:09:47.874838+00:00","2026-09-25T06:09:47.874838+00:00"
"42","27","2026-09-25","create  bill file bio grow","2026-09-25T06:21:48.304794+00:00","2026-09-25T06:21:48.304794+00:00"
"43","15","2026-09-25","Verify the Helans POS requirements against the current system and prepare documents on the findings. Update the bill and invoice layout settings to match the required Zoho parameters.","2026-09-25T06:43:30.872363+00:00","2026-09-25T06:43:30.872363+00:00"
"44","28","2026-09-25","Teleseen Marketing (Pvt) Ltd & CLEVR Automations (Pvt) Ltd","2026-09-25T06:44:38.623621+00:00","2026-09-25T06:44:38.623621+00:00"
"25","19","2026-09-25","I have to manually enter over 3000 records of the bank transactions into the system for the Italy Lanka Express project today. Some of these transfers are made in another foreign currencies, so I also need to determine the proper exchange rates before I enter each transfer.

Resolved the CPC system opening balance issue today via a phone call with the company's contact person.","2026-09-25T03:24:41.778723+00:00","2026-09-25T09:44:36.451+00:00"
"40","23","2026-09-25","Collect other company emails for zoho campaigns & learn how to create formulas an invoices.","2026-09-25T05:54:01.038497+00:00","2026-09-25T09:45:57.973+00:00"
"45","10","2026-09-25","Created custom fields for the Wycherley GRN (Purchase Receive) and implemented workflow rules with custom Deluge functions to automatically capture the relevant users for the Received/Prepared By, Checked By, and Authorized By signature sections, similar to the Purchase Order setup.
","2026-09-25T09:06:40.71591+00:00","2026-09-25T09:06:40.71591+00:00"
"38","9","2026-09-25","Flyer design
Xten custom function
Poya day flyer design
","2026-09-25T05:04:12.300008+00:00","2026-09-25T17:02:05.398+00:00"
"47","19","2026-09-28","I am continuing work on the Italy Lanka Express project. My main task today is entering bank transfer funds into the system manually.","2026-09-28T04:09:04.518756+00:00","2026-09-28T04:09:04.518756+00:00"
"48","27","2026-09-28","create a bio grow bill file","2026-09-28T04:17:37.377171+00:00","2026-09-28T04:17:37.377171+00:00"
"49","25","2026-09-28","expo/ bio grow/ Innogen project- pending projects","2026-09-28T04:17:43.928254+00:00","2026-09-28T04:17:49.437+00:00"
"50","21","2026-09-28","create in bill file bio grow","2026-09-28T04:27:46.742477+00:00","2026-09-28T04:27:46.742477+00:00"
"51","8","2026-09-28","I've been assigned to check and report bugs and security flaws of the Employee Management system ","2026-09-28T04:27:58.210933+00:00","2026-09-28T04:27:58.210933+00:00"
"46","9","2026-09-28","Ethera custom function development
ZoHo Analytics Poster design
","2026-09-28T03:39:25.259339+00:00","2026-09-28T04:37:45.797+00:00"
"52","5","2026-09-28","8:30 - 12:30 --- Implement new features in leave management system","2026-09-28T05:51:15.907747+00:00","2026-09-28T05:51:15.907747+00:00"
"53","6","2026-09-28","EMS Development, check pending project","2026-09-28T07:27:28.533954+00:00","2026-09-28T07:27:28.533954+00:00"
"54","24","2026-09-28","checking the pos system bugs","2026-09-28T07:28:58.322562+00:00","2026-09-28T07:28:58.322562+00:00"
"55","14","2026-09-28","WIS accounts settings and approval setup
Search enhance extension","2026-09-28T07:30:22.768035+00:00","2026-09-28T07:30:22.768035+00:00"
"56","13","2026-09-28","Support","2026-09-28T07:33:43.118476+00:00","2026-09-28T07:33:43.118476+00:00"
"57","26","2026-09-28","Assigned to create report feature in Leave management system","2026-09-28T08:15:01.487877+00:00","2026-09-28T08:15:01.487877+00:00"
"58","11","2026-09-28","Client visit MGM Holdings (Pvt) Ltd","2026-09-28T08:22:47.072057+00:00","2026-09-28T08:22:47.072057+00:00"
"59","12","2026-09-28","Client visit ( MGM Holdings pvt ltd ) ","2026-09-28T08:23:58.471808+00:00","2026-09-28T08:23:58.471808+00:00"
"60","16","2026-09-28","Helans template issue fixes
HR Management System Development","2026-09-28T08:54:06.100166+00:00","2026-09-28T08:54:06.100166+00:00"