id,user_id,leave_type,start_date,end_date,days_count,day_of_week,start_time,end_time,special_session,is_recurring,status,reason,created_at
"2","5","Special Leave","2026-09-23","2026-09-23","1.5","Monday:Full Day,Tuesday:Half Day","","","Morning","true","Rejected","[Special Leave - Monday (Full Day), Tuesday (Half Day)]","2026-09-23T12:59:44.384867+00:00"
"3","5","Casual Leave","2026-09-25","2026-09-25","1","","","","","false","Approved","","2026-09-23T14:25:29.93296+00:00"
"7","5","Casual Leave","2026-09-24","2026-09-24","1","","","","","false","Rejected","","2026-09-23T15:06:51.144619+00:00"
"6","5","Casual Leave","2026-10-01","2026-10-01","1","","","","","false","Rejected","test2","2026-09-23T14:51:37.167135+00:00"
"5","5","Half Day","2026-09-24","2026-09-24","0.5","","","","","false","Rejected","[Morning Half Day] test1","2026-09-23T14:49:33.313404+00:00"
"4","5","Power Cut","2026-09-23","2026-09-23","1","","","","","false","Rejected","[Power Cut | Laptop Battery: 50, Mobile Battery: 20] test1","2026-09-23T14:45:05.577779+00:00"
"8","6","Casual Leave","2026-10-15","2026-10-15","1","","","","","false","Approved","Wedding Function","2026-09-23T15:16:59.451845+00:00"
"9","5","Half Day","2026-09-24","2026-09-24","0.5","","","","","false","Rejected","[Evening Half Day]","2026-09-24T03:27:09.424054+00:00"
"11","24","Half Day","2026-09-25","2026-09-25","0.5","","","","","false","Approved","[Evening Half Day] A chance to visit home","2026-09-25T03:22:02.104495+00:00"
"10","18","Study Leave","2026-09-25","2026-09-25","1","","","","","false","Approved","I am requesting study leave to attend my campus academic activities and complete my pending academic assignments.","2026-09-25T02:22:45.290373+00:00"
"12","21","Half Day","2026-09-25","2026-09-25","0.5","","","","","false","Approved","[Evening Half Day] personal matter","2026-09-25T03:31:12.686056+00:00"
"14","13","Half Day","2026-09-25","2026-09-25","0.5","","","","","false","Approved","[Evening Half Day]","2026-09-25T05:48:40.76649+00:00"
"13","10","Half Day","2026-09-25","2026-09-25","0.5","","","","","false","Approved","[Morning Half Day]","2026-09-25T04:16:13.655945+00:00"
"15","7","Half Day","2026-09-28","2026-09-28","0.5","","","","","false","Approved","[Evening Half Day] Urgent bank matter","2026-09-27T16:55:03.47106+00:00"
"17","20","Power Cut","2026-09-28","2026-09-28","1","","","","","false","Approved","[Power Cut | Laptop Battery: 0, Mobile Battery: 0] I handed over the laptop for repairs due to a mechanical fault.","2026-09-28T02:58:44.92446+00:00"
"16","15","Casual Leave","2026-09-28","2026-09-28","1","","","","","false","Approved","In univeristy there is a diwali event in our deparyment,i have to attend it as a cordinator, initially i thought to go as half day,but i was requested to come early today,so i am requesting leave for today","2026-09-28T01:44:23.166807+00:00"
"18","5","Casual Leave","2026-09-28","2026-09-28","1","","","","","false","Cancelled","test1","2026-09-28T07:34:53.027439+00:00"
"19","5","Casual Leave","2026-09-28","2026-09-28","1","","","","","false","Cancelled","","2026-09-28T07:47:47.943467+00:00"