id,name,department,email,password,initials,status,role,created_at
"6","Hashan Chathuranga","IT","hashan@pwholdings.lk","Hashan@123","HC","Working","Admin","2026-09-23T14:20:08.432002+00:00"
"8","Dimath Jayasinghe","IT","dimath@pwholdings.lk","jaya1975","DJ","Working","Employee","2026-09-23T15:33:06.989977+00:00"
"9","Nethum Manditha","IT","nethum@pwholdings.lk","6022669","NM","Working","Employee","2026-09-23T15:33:07.616689+00:00"
"11","Piyumi Maheshika","Finance","piyumi@pwholdings.lk","Piyumi@123","PM","Working","Employee","2026-09-24T02:52:16.816788+00:00"
"12","G.G.Umeesha Nithyaprabha Vijegunawardhana","Finance","umeesha@pwholdings.lk","Umeesha@1","GV","Working","Employee","2026-09-24T03:02:00.320512+00:00"
"14","Thenul Minjaya","IT","thenul@pwholdings.lk","Thenul@123","TM","Working","Employee","2026-09-24T03:32:48.666219+00:00"
"16","L K Prasandu Yasith","IT","prasandu@pwholdings.lk","Appleiphone@4s","LY","Working","Employee","2026-09-24T03:38:58.0811+00:00"
"17","Mokshan Rasanjana","IT","mokshan@pwholdings.lk","Mokshan@123","MR","Working","Employee","2026-09-24T05:33:56.533156+00:00"
"19","Nishadi Chethana Jayakody","Finance","nishadi@pwholdings.lk","nishadi@30","NJ","Working","Employee","2026-09-24T06:17:50.575056+00:00"
"22","Amantha Chanaka Wickramasingha","IT","amantha@pwholdings.lk","Amantha@1","AW","Working","Employee","2026-09-24T07:17:58.32396+00:00"
"23","Hirushi Gayanjini","IT","hirushi@pwholdings.lk","Hirushi18","HG","Working","Employee","2026-09-24T07:31:42.31898+00:00"
"25","Nishani Amarasiri","Finance","nishani@pwholdings.lk","nishani@123","NA","Working","Admin","2026-09-24T08:58:30.829562+00:00"
"26","Chathura Janaka","IT","chathura@pwholdings.lk","Chathura@123","CJ","Working","Employee","2026-09-24T09:09:57.395775+00:00"
"27","Mavindu Dilshan Fernando","Finance","mavindu@pwholdings.lk","Mavindu@123","MF","Working","Employee","2026-09-25T06:20:16.574786+00:00"
"28","Minindu Thiranjaya","IT","minindu@pwholdings.lk","PWHmt@99","MT","Working","Employee","2026-09-25T06:42:41.345688+00:00"
"20","Pramuddhika Nethmini","Finance","pramuddhika@pwholdings.lk","Pramu@11","PN","On Leave","Employee","2026-09-24T06:19:32.117109+00:00"
"15","Thaspan Antony Braynkanth","IT","braynkanth@pwholdings.lk","Braynkanth@123","TB","On Leave","Employee","2026-09-24T03:37:24.472136+00:00"
"10","Pasindu Sadeep Randula","IT","pasindu@pwholdings.lk","Pasindu@1","PR","Working","Employee","2026-09-23T17:40:16.590943+00:00"
"13","Channa Wanigasinghe","IT","channa@pwholdings.lk","PWHoldings@1","CW","Working","Admin","2026-09-24T03:19:37.952804+00:00"
"18","Sasindra sithuminie","IT","sasindra@pwholdings.lk","Sasindra@123","SS","Working","Employee","2026-09-24T06:17:07.043739+00:00"
"21","H.A Wasana Madhubashini","Finance","wasana@pwholdings.lk","Wasana@1","HM","Working","Employee","2026-09-24T06:20:21.196557+00:00"
"24","Dulaksha Sandeepa","IT","dulaksha@pwholdings.lk","Dugiborn@2001","DS","Working","Employee","2026-09-24T08:56:28.417256+00:00"
"7","Madhushi panchali","IT","madhushi@pwholdings.lk","Maashi122im@","MP","On Leave","Employee","2026-09-23T15:28:43.257727+00:00"
"5","PasinduBuddhima","IT","pasindu.buddhima@pwholdings.lk","123","PA","Working","Admin","2026-09-23T12:35:37.957252+00:00"